{
    "images": {
        "title": {
            "image": "spikespaz:textures/gui/title/titlescreen.png",
            "posX": 30,
            "posY": -100,
            "width": 200,
            "height": 200,
            "alignment": "left_center"
        }
    },
    "buttons": {
        "singleplayer": {
            "text": "Singleplayer",
            "posX": -150,
            "posY": -70,
            "width": 140,
            "height": 20,
            "alignment": "right_center",
            "texture": "spikespaz:textures/gui/title/button.png",
            "action": {
                "type": "openGui",
                "gui": "singleplayer"
            }
        },
        "multiplayer": {
            "text": "Multiplayer",
            "posX": -150,
            "posY": -40,
            "width": 140,
            "height": 20,
            "alignment": "right_center",
            "texture": "spikespaz:textures/gui/title/button.png",
            "action": {
                "type": "openGui",
                "gui": "multiplayer"
            }
        },
        "mods": {
            "text": "Modifications",
            "posX": -150,
            "posY": -10,
            "width": 140,
            "height": 20,
            "alignment": "right_center",
            "texture": "spikespaz:textures/gui/title/button.png",
            "action": {
                "type": "openGui",
                "gui": "mods"
            }
        },
        "options": {
            "text": "Options",
            "posX": -150,
            "posY": 20,
            "width": 140,
            "height": 20,
            "alignment": "right_center",
            "texture": "spikespaz:textures/gui/title/button.png",
            "action": {
                "type": "openGui",
                "gui": "options"
            }
        },
        "quit": {
            "text": "Exit to Desktop",
            "posX": -150,
            "posY": 50,
            "width": 140,
            "height": 20,
            "alignment": "right_center",
            "texture": "spikespaz:textures/gui/title/button.png",
            "action": {
                "type": "quit"
            }
        }
    },
    "labels": {
        "datetime": {
            "text": "#date#, #time#",
            "posX": 5,
            "posY": 3,
            "color": -1,
            "alignment": "top_left"
        },
        "mojang": {
            "text": "Copyright Mojang AB. Do not distribute!",
            "posX": -200,
            "posY": -10,
            "color": -1,
            "alignment": "bottom_right",
            "action": {
                "type": "openGui",
                "gui": "credits"
            }
        },
        "version": {
            "text": "Forge #forgeversion# - Minecraft #mcversion#",
            "posX": -200,
            "posY": -20,
            "color": -1,
            "alignment": "bottom_right"
        },
        "mods": {
            "text": "#modsloaded# mods loaded, #modsactive# active.",
            "posX": 5,
            "posY": -10,
            "color": -1,
            "alignment": "bottom_left"
        }
    },
    "other": {
        "panorama": {
            "images": "minecraft:textures/gui/title/background/panorama_%c.png",
            "animate": true,
            "animationSpeed": 2,
            "blur": true,
            "gradient": true
        }
    }
}